MONTH_ID,avg_sales_revenue
7,3717.8632000000002
11,3655.3825
3,3516.025
5,3580.640666666666
6,4564.143333333334
9,3370.84
1,3337.838181818181
10,4214.124999999999
4,3389.273
12,3510.4331707317074
2,3309.171333333333
